doc_type	doc_id	num	date_str	description	url_metadata	lang
lk_pmd_press_releases	2025-09-02-ta-ef3a57	ta-ef3a57	2025-09-02	வடக்கில் தெங்கு முக்கோணத்தை முன்னெடுக்கும் ஆரம்ப நிகழ்வு ஜனாதிபதி தலைமையில்…	https://pmd.gov.lk/ta/%e0%ae%9a%e0%af%86%e0%ae%af%e0%af%8d%e0%ae%a4%e0%ae%bf/%e0%ae%b5%e0%ae%9f%e0%ae%95%e0%af%8d%e0%ae%95%e0%ae%bf%e0%ae%b2%e0%af%8d-%e0%ae%a4%e0%af%86%e0%ae%99%e0%af%8d%e0%ae%95%e0%af%81-%e0%ae%ae%e0%af%81%e0%ae%95%e0%af%8d%e0%ae%95%e0%af%8b%e0%ae%a3%e0%ae%a4/	ta
lk_pmd_press_releases	2025-09-02-ta-c05b42	ta-c05b42	2025-09-02	ஜனாதிபதி இன்றும் வடக்கில் பல அபிவிருத்தித் திட்டங்களில் பங்கேற்கவுள்ளார்	https://pmd.gov.lk/ta/%e0%ae%9a%e0%af%86%e0%ae%af%e0%af%8d%e0%ae%a4%e0%ae%bf/%e0%ae%9c%e0%ae%a9%e0%ae%be%e0%ae%a4%e0%ae%bf%e0%ae%aa%e0%ae%a4%e0%ae%bf-%e0%ae%87%e0%ae%a9%e0%af%8d%e0%ae%b1%e0%af%81%e0%ae%ae%e0%af%8d-%e0%ae%b5%e0%ae%9f%e0%ae%95%e0%af%8d%e0%ae%95%e0%ae%bf%e0%ae%b2/	ta
lk_pmd_press_releases	2025-09-02-ta-90e869	ta-90e869	2025-09-02	“Dream Destination” முதல் புகையிரத நிலைய நவீனமயமாக்கல் தல்பேயில் ஆரம்பம்	https://pmd.gov.lk/ta/%e0%ae%9a%e0%af%86%e0%ae%af%e0%af%8d%e0%ae%a4%e0%ae%bf/dream-destination-%e0%ae%ae%e0%af%81%e0%ae%a4%e0%ae%b2%e0%af%8d-%e0%ae%aa%e0%af%81%e0%ae%95%e0%af%88%e0%ae%af%e0%ae%bf%e0%ae%b0%e0%ae%a4-%e0%ae%a8%e0%ae%bf%e0%ae%b2%e0%af%88%e0%ae%af-%e0%ae%a8/	ta
lk_pmd_press_releases	2025-09-02-ta-7d9fe3	ta-7d9fe3	2025-09-02	வடக்கின் முதல் விதை தேங்காய் உற்பத்தி அலகு ஜனாதிபதியின் தலைமையில்…	https://pmd.gov.lk/ta/%e0%ae%9a%e0%af%86%e0%ae%af%e0%af%8d%e0%ae%a4%e0%ae%bf/%e0%ae%b5%e0%ae%9f%e0%ae%95%e0%af%8d%e0%ae%95%e0%ae%bf%e0%ae%a9%e0%af%8d-%e0%ae%ae%e0%af%81%e0%ae%a4%e0%ae%b2%e0%af%8d-%e0%ae%b5%e0%ae%bf%e0%ae%a4%e0%af%88-%e0%ae%a4%e0%af%87%e0%ae%99%e0%af%8d/	ta
lk_pmd_press_releases	2025-09-02-ta-4f46ac	ta-4f46ac	2025-09-02	முல்லைத்தீவில் வட்டுவாகல் பாலத்தின் நிர்மாணப் பணிகள் ஜனாதிபதியின் தலைமையில் ஆரம்பம்	https://pmd.gov.lk/ta/%e0%ae%9a%e0%af%86%e0%ae%af%e0%af%8d%e0%ae%a4%e0%ae%bf/%e0%ae%ae%e0%af%81%e0%ae%b2%e0%af%8d%e0%ae%b2%e0%af%88%e0%ae%a4%e0%af%8d%e0%ae%a4%e0%af%80%e0%ae%b5%e0%ae%bf%e0%ae%b2%e0%af%8d-%e0%ae%b5%e0%ae%9f%e0%af%8d%e0%ae%9f%e0%af%81%e0%ae%b5%e0%ae%be%e0%ae%95/	ta
lk_pmd_press_releases	2025-09-02-si-9b0164	si-9b0164	2025-09-02	“සිහින ගමනාන්තයේ” පළමු දුම්රිය ස්ථානය නවීකරණය තල්පෙන් ඇරඹේ	https://pmd.gov.lk/si/%e0%b6%b4%e0%b7%94%e0%b7%80%e0%b6%ad%e0%b7%8a/%e0%b7%83%e0%b7%92%e0%b7%84%e0%b7%92%e0%b6%b1-%e0%b6%9c%e0%b6%b8%e0%b6%b1%e0%b7%8f%e0%b6%b1%e0%b7%8a%e0%b6%ad%e0%b6%ba%e0%b7%9a-%e0%b6%b4%e0%b7%85%e0%b6%b8%e0%b7%94-%e0%b6%af%e0%b7%94%e0%b6%b8/	si
lk_pmd_press_releases	2025-09-02-si-930040	si-930040	2025-09-02	උතුරේ පළමු බීජ පොල් නිෂ්පාදන ඒකකය ජනපති ප්‍රධානත්වයෙන්…	https://pmd.gov.lk/si/%e0%b6%b4%e0%b7%94%e0%b7%80%e0%b6%ad%e0%b7%8a/%e0%b6%8b%e0%b6%ad%e0%b7%94%e0%b6%bb%e0%b7%9a-%e0%b6%b4%e0%b7%85%e0%b6%b8%e0%b7%94-%e0%b6%b6%e0%b7%93%e0%b6%a2-%e0%b6%b4%e0%b7%9c%e0%b6%bd%e0%b7%8a-%e0%b6%b1%e0%b7%92%e0%b7%82%e0%b7%8a%e0%b6%b4/	si
lk_pmd_press_releases	2025-09-02-si-27bdf3	si-27bdf3	2025-09-02	මුලතිව් වට්ටුවාකල් පාලමේ ඉදිකිරීම් ජනපති ප්‍රධානත්වයෙන් ඇරඹේ	https://pmd.gov.lk/si/%e0%b6%b4%e0%b7%94%e0%b7%80%e0%b6%ad%e0%b7%8a/%e0%b6%b8%e0%b7%94%e0%b6%bd%e0%b6%ad%e0%b7%92%e0%b7%80%e0%b7%8a-%e0%b7%80%e0%b6%a7%e0%b7%8a%e0%b6%a7%e0%b7%94%e0%b7%80%e0%b7%8f%e0%b6%9a%e0%b6%bd%e0%b7%8a-%e0%b6%b4%e0%b7%8f%e0%b6%bd%e0%b6%b8%e0%b7%9a/	si
lk_pmd_press_releases	2025-09-02-si-2363fd	si-2363fd	2025-09-02	ජනපති අදත් උතුරේ සංවර්ධන ව්‍යාපෘති රැසක	https://pmd.gov.lk/si/%e0%b6%b4%e0%b7%94%e0%b7%80%e0%b6%ad%e0%b7%8a/%e0%b6%a2%e0%b6%b1%e0%b6%b4%e0%b6%ad%e0%b7%92-%e0%b6%85%e0%b6%af%e0%b6%ad%e0%b7%8a-%e0%b6%8b%e0%b6%ad%e0%b7%94%e0%b6%bb%e0%b7%9a-%e0%b7%83%e0%b6%82%e0%b7%80%e0%b6%bb%e0%b7%8a%e0%b6%b0%e0%b6%b1/	si
lk_pmd_press_releases	2025-09-02-si-0f3524	si-0f3524	2025-09-02	උතුරේ පොල් ත්‍රිකෝණය දියත් කිරීමේ සමාරම්භක අවස්ථාව ජනපති…	https://pmd.gov.lk/si/%e0%b6%b4%e0%b7%94%e0%b7%80%e0%b6%ad%e0%b7%8a/%e0%b6%8b%e0%b6%ad%e0%b7%94%e0%b6%bb%e0%b7%9a-%e0%b6%b4%e0%b7%9c%e0%b6%bd%e0%b7%8a-%e0%b6%ad%e0%b7%8a%e0%b6%bb%e0%b7%92%e0%b6%9a%e0%b7%9d%e0%b6%ab%e0%b6%ba-%e0%b6%af%e0%b7%92%e0%b6%ba/	si
lk_pmd_press_releases	2025-09-02-en-eeedbd	en-eeedbd	2025-09-02	First Railway Station Renovation of the “Dream Destination”…	https://pmd.gov.lk/news/first-railway-station-renovation-of-the-dream-destination-programme-begins-in-talpe/	en
lk_pmd_press_releases	2025-09-02-en-c3d210	en-c3d210	2025-09-02	Construction of Vadduvakal Bridge, Mullaitivu Commences under the…	https://pmd.gov.lk/news/construction-of-vadduvakal-bridge-mullaitivu-commences-under-the-patronage-of-the-president/	en
lk_pmd_press_releases	2025-09-02-en-bce82b	en-bce82b	2025-09-02	Launch of the Northern Coconut Triangle under the…	https://pmd.gov.lk/news/launch-of-the-northern-coconut-triangle-under-the-patronage-of-the-president/	en
lk_pmd_press_releases	2025-09-02-en-539c86	en-539c86	2025-09-02	First Coconut Seed Production Unit in the North…	https://pmd.gov.lk/news/first-coconut-seed-production-unit-in-the-north-launched-under-presidents-patronage/	en
lk_pmd_press_releases	2025-09-02-en-01253f	en-01253f	2025-09-02	President Launches Series of Development Projects in the…	https://pmd.gov.lk/news/president-launches-series-of-development-projects-in-the-north-for-the-second-consecutive-day/	en
lk_pmd_press_releases	2025-09-01-ta-d089e7	ta-d089e7	2025-09-01	ஜனாதிபதி இன்று யாழ்ப்பாணத்தில்	https://pmd.gov.lk/ta/%e0%ae%9a%e0%af%86%e0%ae%af%e0%af%8d%e0%ae%a4%e0%ae%bf/%e0%ae%9c%e0%ae%a9%e0%ae%be%e0%ae%a4%e0%ae%bf%e0%ae%aa%e0%ae%a4%e0%ae%bf-%e0%ae%87%e0%ae%a9%e0%af%8d%e0%ae%b1%e0%af%81-%e0%ae%af%e0%ae%be%e0%ae%b4%e0%af%8d%e0%ae%aa%e0%af%8d%e0%ae%aa%e0%ae%be-2/	ta
lk_pmd_press_releases	2025-09-01-ta-a061c3	ta-a061c3	2025-09-01	குடிவரவு மற்றும் குடியகல்வுத் திணைக்களத்தின் யாழ்ப்பாண பிராந்திய அலுவலகம் ஜனாதிபதியால்…	https://pmd.gov.lk/ta/%e0%ae%9a%e0%af%86%e0%ae%af%e0%af%8d%e0%ae%a4%e0%ae%bf/%e0%ae%95%e0%af%81%e0%ae%9f%e0%ae%bf%e0%ae%b5%e0%ae%b0%e0%ae%b5%e0%af%81-%e0%ae%ae%e0%ae%b1%e0%af%8d%e0%ae%b1%e0%af%81%e0%ae%ae%e0%af%8d-%e0%ae%95%e0%af%81%e0%ae%9f%e0%ae%bf%e0%ae%af%e0%ae%95%e0%ae%b2/	ta
lk_pmd_press_releases	2025-09-01-ta-6e65dc	ta-6e65dc	2025-09-01	யாழ்ப்பாணம் மயிலிட்டி மீன்பிடி துறைமுக மூன்றாம் கட்ட அபிவிருத்திப் பணிகள்…	https://pmd.gov.lk/ta/%e0%ae%9a%e0%af%86%e0%ae%af%e0%af%8d%e0%ae%a4%e0%ae%bf/%e0%ae%af%e0%ae%be%e0%ae%b4%e0%af%8d%e0%ae%aa%e0%af%8d%e0%ae%aa%e0%ae%be%e0%ae%a3%e0%ae%ae%e0%af%8d-%e0%ae%ae%e0%ae%af%e0%ae%bf%e0%ae%b2%e0%ae%bf%e0%ae%9f%e0%af%8d%e0%ae%9f%e0%ae%bf-%e0%ae%ae%e0%af%80/	ta
lk_pmd_press_releases	2025-09-01-ta-3efd2e	ta-3efd2e	2025-09-01	யாழ்ப்பாண நூலக மின் நூலகத் திட்டம் ஜனாதிபதியின் தலைமையில் ஆரம்பிக்கப்பட்டது	https://pmd.gov.lk/ta/%e0%ae%9a%e0%af%86%e0%ae%af%e0%af%8d%e0%ae%a4%e0%ae%bf/%e0%ae%af%e0%ae%be%e0%ae%b4%e0%af%8d%e0%ae%aa%e0%af%8d%e0%ae%aa%e0%ae%be%e0%ae%a3-%e0%ae%a8%e0%af%82%e0%ae%b2%e0%ae%95-%e0%ae%ae%e0%ae%bf%e0%ae%a9%e0%af%8d-%e0%ae%a8%e0%af%82%e0%ae%b2%e0%ae%95/	ta
lk_pmd_press_releases	2025-09-01-ta-33c952	ta-33c952	2025-09-01	கச்சதீவிற்கு ஜனாதிபதி கண்காணிப்பு விஜயம்	https://pmd.gov.lk/ta/%e0%ae%9a%e0%af%86%e0%ae%af%e0%af%8d%e0%ae%a4%e0%ae%bf/%e0%ae%95%e0%ae%9a%e0%af%8d%e0%ae%9a%e0%ae%a4%e0%af%80%e0%ae%b5%e0%ae%bf%e0%ae%b1%e0%af%8d%e0%ae%95%e0%af%81-%e0%ae%9c%e0%ae%a9%e0%ae%be%e0%ae%a4%e0%ae%bf%e0%ae%aa%e0%ae%a4%e0%ae%bf-%e0%ae%95%e0%ae%a3/	ta
lk_pmd_press_releases	2025-09-01-ta-1e19f6	ta-1e19f6	2025-09-01	அரசு நிறுவனங்களை புத்துயிர் பெறச் செய்யும் வகையில் செப்டெம்பர் 01…	https://pmd.gov.lk/ta/%e0%ae%9a%e0%af%86%e0%ae%af%e0%af%8d%e0%ae%a4%e0%ae%bf/%e0%ae%85%e0%ae%b0%e0%ae%9a%e0%af%81-%e0%ae%a8%e0%ae%bf%e0%ae%b1%e0%af%81%e0%ae%b5%e0%ae%a9%e0%ae%99%e0%af%8d%e0%ae%95%e0%ae%b3%e0%af%88-%e0%ae%aa%e0%af%81%e0%ae%a4%e0%af%8d%e0%ae%a4%e0%af%81%e0%ae%af/	ta
lk_pmd_press_releases	2025-09-01-ta-0ac981	ta-0ac981	2025-09-01	யாழ்ப்பாணம் சர்வதேச கிரிக்கெட் மைதானத்தின் நிர்மாணப் பணிகள் ஜனாதிபதி தலைமையில்…	https://pmd.gov.lk/ta/%e0%ae%9a%e0%af%86%e0%ae%af%e0%af%8d%e0%ae%a4%e0%ae%bf/%e0%ae%af%e0%ae%be%e0%ae%b4%e0%af%8d%e0%ae%aa%e0%af%8d%e0%ae%aa%e0%ae%be%e0%ae%a3%e0%ae%ae%e0%af%8d-%e0%ae%9a%e0%ae%b0%e0%af%8d%e0%ae%b5%e0%ae%a4%e0%af%87%e0%ae%9a-%e0%ae%95%e0%ae%bf%e0%ae%b0%e0%ae%bf/	ta
lk_pmd_press_releases	2025-09-01-si-f8db63	si-f8db63	2025-09-01	ආගමන හා විගමන දෙපාර්තමේන්තුවේ යාපනය ප්‍රාදේශීය කාර්යාලය ජනපති…	https://pmd.gov.lk/si/%e0%b6%b4%e0%b7%94%e0%b7%80%e0%b6%ad%e0%b7%8a/%e0%b6%86%e0%b6%9c%e0%b6%b8%e0%b6%b1-%e0%b7%84%e0%b7%8f-%e0%b7%80%e0%b7%92%e0%b6%9c%e0%b6%b8%e0%b6%b1-%e0%b6%af%e0%b7%99%e0%b6%b4%e0%b7%8f%e0%b6%bb%e0%b7%8a%e0%b6%ad%e0%b6%b8%e0%b7%9a%e0%b6%b1/	si
lk_pmd_press_releases	2025-09-01-si-c2b213	si-c2b213	2025-09-01	ජනපති කච්චතිව් දූපතේ නිරීක්ෂණ චාරිකාවක	https://pmd.gov.lk/si/%e0%b6%b4%e0%b7%94%e0%b7%80%e0%b6%ad%e0%b7%8a/%e0%b6%a2%e0%b6%b1%e0%b6%b4%e0%b6%ad%e0%b7%92-%e0%b6%9a%e0%b6%a0%e0%b7%8a%e0%b6%a0%e0%b6%ad%e0%b7%92%e0%b7%80%e0%b7%8a-%e0%b6%af%e0%b7%96%e0%b6%b4%e0%b6%ad%e0%b7%9a-%e0%b6%b1%e0%b7%92%e0%b6%bb/	si
lk_pmd_press_releases	2025-09-01-si-4646ef	si-4646ef	2025-09-01	රාජ්‍ය ආයතන තුළ සංවිධිත බව පවත්වා ගැනීම සඳහා…	https://pmd.gov.lk/si/%e0%b6%b4%e0%b7%94%e0%b7%80%e0%b6%ad%e0%b7%8a/%e0%b6%bb%e0%b7%8f%e0%b6%a2%e0%b7%8a%e0%b6%ba-%e0%b6%86%e0%b6%ba%e0%b6%ad%e0%b6%b1-%e0%b6%ad%e0%b7%94%e0%b7%85-%e0%b7%83%e0%b6%82%e0%b7%80%e0%b7%92%e0%b6%b0%e0%b7%92%e0%b6%ad-%e0%b6%b6-2/	si
lk_pmd_press_releases	2025-09-01-si-3a28e1	si-3a28e1	2025-09-01	යාපනය පුස්තකාලයේ ඊ- පුස්තකාල වැඩසටහන ජනපති ප්‍රධානත්වයෙන් ඇරඹේ	https://pmd.gov.lk/si/%e0%b6%b4%e0%b7%94%e0%b7%80%e0%b6%ad%e0%b7%8a/%e0%b6%ba%e0%b7%8f%e0%b6%b4%e0%b6%b1%e0%b6%ba-%e0%b6%b4%e0%b7%94%e0%b7%83%e0%b7%8a%e0%b6%ad%e0%b6%9a%e0%b7%8f%e0%b6%bd%e0%b6%ba%e0%b7%9a-%e0%b6%8a-%e0%b6%b4%e0%b7%94%e0%b7%83%e0%b7%8a%e0%b6%ad/	si
lk_pmd_press_releases	2025-09-01-si-3519f7	si-3519f7	2025-09-01	ජනපති අද යාපනයේ	https://pmd.gov.lk/si/%e0%b6%b4%e0%b7%94%e0%b7%80%e0%b6%ad%e0%b7%8a/%e0%b6%a2%e0%b6%b1%e0%b6%b4%e0%b6%ad%e0%b7%92-%e0%b6%85%e0%b6%af-%e0%b6%ba%e0%b7%8f%e0%b6%b4%e0%b6%b1%e0%b6%ba%e0%b7%9a/	si
lk_pmd_press_releases	2025-09-01-si-348b0e	si-348b0e	2025-09-01	යාපනය මයිලිඩ්ඩි ධීවර වරාය සංවර්ධනය කිරීමේ තුන්වන අදියර…	https://pmd.gov.lk/si/%e0%b6%b4%e0%b7%94%e0%b7%80%e0%b6%ad%e0%b7%8a/%e0%b6%ba%e0%b7%8f%e0%b6%b4%e0%b6%b1%e0%b6%ba-%e0%b6%b8%e0%b6%ba%e0%b7%92%e0%b6%bd%e0%b7%92%e0%b6%a9%e0%b7%8a%e0%b6%a9%e0%b7%92-%e0%b6%b0%e0%b7%93%e0%b7%80%e0%b6%bb-%e0%b7%80%e0%b6%bb%e0%b7%8f/	si
lk_pmd_press_releases	2025-09-01-si-1e6bc9	si-1e6bc9	2025-09-01	යාපනය ජාත්‍යන්තර ක්‍රිකට් ක්‍රීඩාංගණයේ ඉදිකිරීම් ජනපති ප්‍රධානත්වයෙන් ඇරඹේ	https://pmd.gov.lk/si/%e0%b6%b4%e0%b7%94%e0%b7%80%e0%b6%ad%e0%b7%8a/%e0%b6%ba%e0%b7%8f%e0%b6%b4%e0%b6%b1%e0%b6%ba-%e0%b6%a2%e0%b7%8f%e0%b6%ad%e0%b7%8a%e0%b6%ba%e0%b6%b1%e0%b7%8a%e0%b6%ad%e0%b6%bb-%e0%b6%9a%e0%b7%8a%e0%b6%bb%e0%b7%92%e0%b6%9a%e0%b6%a7/	si
lk_pmd_press_releases	2025-09-01-en-fd4ee1	en-fd4ee1	2025-09-01	President declares open the Immigration and Emigration Department’s…	https://pmd.gov.lk/news/president-declares-open-the-immigration-and-emigration-departments-jaffna-regional-office/	en
lk_pmd_press_releases	2025-09-01-en-c1a595	en-c1a595	2025-09-01	Construction of the Jaffna International Cricket Stadium Launched…	https://pmd.gov.lk/news/construction-of-the-jaffna-international-cricket-stadium-launched-under-the-patronage-of-the-president/	en
lk_pmd_press_releases	2025-09-01-en-923779	en-923779	2025-09-01	Third Phase of Development of the Myliddy Fisheries…	https://pmd.gov.lk/news/third-phase-of-development-of-the-myliddy-fisheries-harbour-in-jaffna-commences-under-the-presidents-patronage/	en
lk_pmd_press_releases	2025-09-01-en-612c72	en-612c72	2025-09-01	President Undertakes Inspection Visit to Katchatheevu Island	https://pmd.gov.lk/news/president-undertakes-inspection-visit-to-katchatheevu-island/	en
lk_pmd_press_releases	2025-09-01-en-5b3d17	en-5b3d17	2025-09-01	President in Jaffna Today	https://pmd.gov.lk/news/president-in-jaffna-today/	en
lk_pmd_press_releases	2025-09-01-en-2680d5	en-2680d5	2025-09-01	E-Library Programme at Jaffna Library Launched Under the…	https://pmd.gov.lk/news/e-library-programme-at-jaffna-library-launched-under-the-patronage-of-the-president/	en
lk_pmd_press_releases	2025-09-01-en-1a3b5a	en-1a3b5a	2025-09-01	‘Seiri Week’ from September 01–04 to Revitalize State…	https://pmd.gov.lk/news/seiri-week-from-september-01-04-to-revitalize-state-institutions/	en
lk_pmd_press_releases	2025-08-31-ta-0d1b16	ta-0d1b16	2025-08-31	வடமத்திய மாகாணத்தில் க.பொ.த உயர்தரத்தில் சிறந்த பெறுபேறுகளைப் பெற்ற மாணவர்களுக்கு…	https://pmd.gov.lk/ta/%e0%ae%9a%e0%af%86%e0%ae%af%e0%af%8d%e0%ae%a4%e0%ae%bf/%e0%ae%b5%e0%ae%9f%e0%ae%ae%e0%ae%a4%e0%af%8d%e0%ae%a4%e0%ae%bf%e0%ae%af-%e0%ae%ae%e0%ae%be%e0%ae%95%e0%ae%be%e0%ae%a3%e0%ae%a4%e0%af%8d%e0%ae%a4%e0%ae%bf%e0%ae%b2%e0%af%8d-%e0%ae%95-%e0%ae%aa/	ta
lk_pmd_press_releases	2025-08-31-si-dfbd89	si-dfbd89	2025-08-31	ජනාධිපති අරමුදලෙන් උතුරුමැද පළාතේ අ.පො.ස උසස් පෙළ විශිෂ්ටයෝ…	https://pmd.gov.lk/si/%e0%b6%b4%e0%b7%94%e0%b7%80%e0%b6%ad%e0%b7%8a/%e0%b6%a2%e0%b6%b1%e0%b7%8f%e0%b6%b0%e0%b7%92%e0%b6%b4%e0%b6%ad%e0%b7%92-%e0%b6%85%e0%b6%bb%e0%b6%b8%e0%b7%94%e0%b6%af%e0%b6%bd%e0%b7%99%e0%b6%b1%e0%b7%8a-%e0%b6%8b%e0%b6%ad%e0%b7%94%e0%b6%bb%e0%b7%94/	si
lk_pmd_press_releases	2025-08-31-en-a50519	en-a50519	2025-08-31	President’s Fund Recognises A-Level High Achievers in North…	https://pmd.gov.lk/news/presidents-fund-recognises-a-level-high-achievers-in-north-central-province/	en
lk_pmd_press_releases	2025-08-30-ta-91bcae	ta-91bcae	2025-08-30	ஜனாதிபதி தலைமையில் விவசாயம் மற்றும் உணவுத் துறையில் ஈடுபட்டுள்ள வர்த்தகர்களுடனான…	https://pmd.gov.lk/ta/%e0%ae%9a%e0%af%86%e0%ae%af%e0%af%8d%e0%ae%a4%e0%ae%bf/%e0%ae%9c%e0%ae%a9%e0%ae%be%e0%ae%a4%e0%ae%bf%e0%ae%aa%e0%ae%a4%e0%ae%bf-%e0%ae%a4%e0%ae%b2%e0%af%88%e0%ae%ae%e0%af%88%e0%ae%af%e0%ae%bf%e0%ae%b2%e0%af%8d-%e0%ae%b5%e0%ae%bf%e0%ae%b5%e0%ae%9a-2/	ta
lk_pmd_press_releases	2025-08-30-ta-40c36a	ta-40c36a	2025-08-30	டிரான்ஸ்பேரன்சி இன்டர்நெஷனல் தலைவருக்கும் ஜனாதிபதி செயலாளருக்கும் இடையில் சந்திப்பு	https://pmd.gov.lk/ta/%e0%ae%9a%e0%af%86%e0%ae%af%e0%af%8d%e0%ae%a4%e0%ae%bf/%e0%ae%9f%e0%ae%bf%e0%ae%b0%e0%ae%be%e0%ae%a9%e0%af%8d%e0%ae%b8%e0%af%8d%e0%ae%aa%e0%af%87%e0%ae%b0%e0%ae%a9%e0%af%8d%e0%ae%9a%e0%ae%bf-%e0%ae%87%e0%ae%a9%e0%af%8d%e0%ae%9f%e0%ae%b0%e0%af%8d%e0%ae%a8/	ta
lk_pmd_press_releases	2025-08-30-si-d96954	si-d96954	2025-08-30	ට්‍රාන්ස්පේරන්සි ඉන්ටර්නැෂනල් සභාපති ජනාධිපති ලේකම් හමු වෙයි	https://pmd.gov.lk/si/%e0%b6%b4%e0%b7%94%e0%b7%80%e0%b6%ad%e0%b7%8a/%e0%b6%a7%e0%b7%8a%e0%b6%bb%e0%b7%8f%e0%b6%b1%e0%b7%8a%e0%b7%83%e0%b7%8a%e0%b6%b4%e0%b7%9a%e0%b6%bb%e0%b6%b1%e0%b7%8a%e0%b7%83%e0%b7%92-%e0%b6%89%e0%b6%b1%e0%b7%8a%e0%b6%a7%e0%b6%bb%e0%b7%8a/	si
lk_pmd_press_releases	2025-08-30-si-2ca5ae	si-2ca5ae	2025-08-30	කෘෂි සහ ආහාරපාන ක්ෂේත්‍රයට සම්බන්ධ පෞද්ගලික අංශයේ ව්‍යාපාරිකයන්…	https://pmd.gov.lk/si/%e0%b6%b4%e0%b7%94%e0%b7%80%e0%b6%ad%e0%b7%8a/%e0%b6%9a%e0%b7%98%e0%b7%82%e0%b7%92-%e0%b7%83%e0%b7%84-%e0%b6%86%e0%b7%84%e0%b7%8f%e0%b6%bb%e0%b6%b4%e0%b7%8f%e0%b6%b1-%e0%b6%9a%e0%b7%8a%e0%b7%82%e0%b7%9a%e0%b6%ad%e0%b7%8a%e0%b6%bb/	si
lk_pmd_press_releases	2025-08-30-en-e6511f	en-e6511f	2025-08-30	President Precedes 2026 Pre-Budget Discussion with Private Sector…	https://pmd.gov.lk/news/president-precedes-2026-pre-budget-discussion-with-private-sector-in-agriculture-and-food-beverage/	en
lk_pmd_press_releases	2025-08-30-en-2c60ef	en-2c60ef	2025-08-30	Secretary to the President Meets Chair of Transparency…	https://pmd.gov.lk/news/secretary-to-the-president-meets-chair-of-transparency-international/	en
lk_pmd_press_releases	2025-08-29-ta-fca89b	ta-fca89b	2025-08-29	கல்வி, உயர்கல்வி மற்றும் தொழிற்கல்வி அமைச்சின் 2026 ஆம் ஆண்டுக்கான…	https://pmd.gov.lk/ta/%e0%ae%9a%e0%af%86%e0%ae%af%e0%af%8d%e0%ae%a4%e0%ae%bf/%e0%ae%95%e0%ae%b2%e0%af%8d%e0%ae%b5%e0%ae%bf-%e0%ae%89%e0%ae%af%e0%ae%b0%e0%af%8d%e0%ae%95%e0%ae%b2%e0%af%8d%e0%ae%b5%e0%ae%bf-%e0%ae%ae%e0%ae%b1%e0%af%8d%e0%ae%b1%e0%af%81%e0%ae%ae%e0%af%8d/	ta
lk_pmd_press_releases	2025-08-29-ta-b93076	ta-b93076	2025-08-29	சுற்றுலாத்துறையில் ஈடுபட்டுள்ள தனியார் துறையினருடனான 2026 ஆம் ஆண்டுக்கான வரவு…	https://pmd.gov.lk/ta/%e0%ae%9a%e0%af%86%e0%ae%af%e0%af%8d%e0%ae%a4%e0%ae%bf/%e0%ae%9a%e0%af%81%e0%ae%b1%e0%af%8d%e0%ae%b1%e0%af%81%e0%ae%b2%e0%ae%be%e0%ae%a4%e0%af%8d%e0%ae%a4%e0%af%81%e0%ae%b1%e0%af%88%e0%ae%af%e0%ae%bf%e0%ae%b2%e0%af%8d-%e0%ae%88%e0%ae%9f%e0%af%81%e0%ae%aa/	ta
lk_pmd_press_releases	2025-08-29-ta-0f6cee	ta-0f6cee	2025-08-29	இலங்கை மத்திய வங்கியின் 75 ஆவது ஆண்டு நிறைவைக் குறிக்கும்…	https://pmd.gov.lk/ta/%e0%ae%9a%e0%af%86%e0%ae%af%e0%af%8d%e0%ae%a4%e0%ae%bf/%e0%ae%87%e0%ae%b2%e0%ae%99%e0%af%8d%e0%ae%95%e0%af%88-%e0%ae%ae%e0%ae%a4%e0%af%8d%e0%ae%a4%e0%ae%bf%e0%ae%af-%e0%ae%b5%e0%ae%99%e0%af%8d%e0%ae%95%e0%ae%bf%e0%ae%af%e0%ae%bf%e0%ae%a9%e0%af%8d-75/	ta
lk_pmd_press_releases	2025-08-29-si-a681ca	si-a681ca	2025-08-29	ශ්‍රී ලංකා මහ බැංකුවේ 75 වන සංවත්සරය නිමිත්තෙන්…	https://pmd.gov.lk/si/%e0%b6%b4%e0%b7%94%e0%b7%80%e0%b6%ad%e0%b7%8a/%e0%b7%81%e0%b7%8a%e0%b6%bb%e0%b7%93-%e0%b6%bd%e0%b6%82%e0%b6%9a%e0%b7%8f-%e0%b6%b8%e0%b7%84-%e0%b6%b6%e0%b7%90%e0%b6%82%e0%b6%9a%e0%b7%94%e0%b7%80%e0%b7%9a-75-%e0%b7%80%e0%b6%b1-%e0%b7%83/	si
lk_pmd_press_releases	2025-08-29-si-a67e50	si-a67e50	2025-08-29	අධ්‍යාපන, උසස් අධ්‍යාපන සහ වෘත්තීය අධ්‍යාපන අමාත්‍යාංශයේ 2026…	https://pmd.gov.lk/si/%e0%b6%b4%e0%b7%94%e0%b7%80%e0%b6%ad%e0%b7%8a/%e0%b6%85%e0%b6%b0%e0%b7%8a%e0%b6%ba%e0%b7%8f%e0%b6%b4%e0%b6%b1-%e0%b6%8b%e0%b7%83%e0%b7%83%e0%b7%8a-%e0%b6%85%e0%b6%b0%e0%b7%8a%e0%b6%ba%e0%b7%8f%e0%b6%b4%e0%b6%b1-%e0%b7%83/	si
lk_pmd_press_releases	2025-08-29-si-289c61	si-289c61	2025-08-29	සංචාරක කර්මාන්තයේ නියැළෙන පෞද්ගලික අංශයට සම්බන්ධ පාර්ශ්වකරුවන් සමඟ…	https://pmd.gov.lk/si/%e0%b6%b4%e0%b7%94%e0%b7%80%e0%b6%ad%e0%b7%8a/%e0%b7%83%e0%b6%82%e0%b6%a0%e0%b7%8f%e0%b6%bb%e0%b6%9a-%e0%b6%9a%e0%b6%bb%e0%b7%8a%e0%b6%b8%e0%b7%8f%e0%b6%b1%e0%b7%8a%e0%b6%ad%e0%b6%ba%e0%b7%9a-%e0%b6%b1%e0%b7%92%e0%b6%ba%e0%b7%90%e0%b7%85%e0%b7%99/	si
lk_pmd_press_releases	2025-08-29-en-fc37e9	en-fc37e9	2025-08-29	Pre-Budget Discussion of the Ministry of Education, Higher…	https://pmd.gov.lk/news/pre-budget-discussion-of-the-ministry-of-education-higher-education-and-vocational-education-for-2026-chaired-by-the-president/	en
lk_pmd_press_releases	2025-08-29-en-a4e687	en-a4e687	2025-08-29	President leads 2026 Pre-Budget Discussion with Private Sector…	https://pmd.gov.lk/news/president-leads-2026-pre-budget-discussion-with-private-sector-stakeholders-in-the-tourism-industry/	en
lk_pmd_press_releases	2025-08-29-en-6f1ccf	en-6f1ccf	2025-08-29	CBSL presents new Rs. 2000 commemorative note to…	https://pmd.gov.lk/news/cbsl-presents-new-rs-2000-commemorative-note-to-the-president-on-its-75th-anniversary/	en
lk_pmd_press_releases	2025-08-28-ta-5ba0c8	ta-5ba0c8	2025-08-28	“தேசிய ஆராய்ச்சி முன்னுரிமை அறிக்கை” ஜனாதிபதியின் செயலாளரிடம் கையளிப்பு	https://pmd.gov.lk/ta/%e0%ae%9a%e0%af%86%e0%ae%af%e0%af%8d%e0%ae%a4%e0%ae%bf/%e0%ae%a4%e0%af%87%e0%ae%9a%e0%ae%bf%e0%ae%af-%e0%ae%86%e0%ae%b0%e0%ae%be%e0%ae%af%e0%af%8d%e0%ae%9a%e0%af%8d%e0%ae%9a%e0%ae%bf-%e0%ae%ae%e0%af%81%e0%ae%a9%e0%af%8d%e0%ae%a9%e0%af%81%e0%ae%b0/	ta
lk_pmd_press_releases	2025-08-28-si-14dfe5	si-14dfe5	2025-08-28	“ජාතික පර්යේෂණ ප්‍රමුඛතා වාර්තාව” ජනාධිපති ලේකම්වරයාට භාර දෙයි	https://pmd.gov.lk/si/%e0%b6%b4%e0%b7%94%e0%b7%80%e0%b6%ad%e0%b7%8a/%e0%b6%a2%e0%b7%8f%e0%b6%ad%e0%b7%92%e0%b6%9a-%e0%b6%b4%e0%b6%bb%e0%b7%8a%e0%b6%ba%e0%b7%9a%e0%b7%82%e0%b6%ab-%e0%b6%b4%e0%b7%8a%e0%b6%bb%e0%b6%b8%e0%b7%94%e0%b6%9b%e0%b6%ad%e0%b7%8f-2/	si
lk_pmd_press_releases	2025-08-28-en-6e2641	en-6e2641	2025-08-28	‘National Research Priorities Report’ handed over to President’s…	https://pmd.gov.lk/news/national-research-priorities-report-handed-over-to-presidents-secretary/	en
lk_pmd_press_releases	2025-08-27-ta-c82795	ta-c82795	2025-08-27	கைத்தொழில் மற்றும் தொழில்முயற்சியாண்மை அபிவிருத்தி அமைச்சின் 2026 ஆம் ஆண்டுக்கான…	https://pmd.gov.lk/ta/%e0%ae%9a%e0%af%86%e0%ae%af%e0%af%8d%e0%ae%a4%e0%ae%bf/%e0%ae%95%e0%af%88%e0%ae%a4%e0%af%8d%e0%ae%a4%e0%af%8a%e0%ae%b4%e0%ae%bf%e0%ae%b2%e0%af%8d-%e0%ae%ae%e0%ae%b1%e0%af%8d%e0%ae%b1%e0%af%81%e0%ae%ae%e0%af%8d-%e0%ae%a4%e0%af%8a%e0%ae%b4%e0%ae%bf%e0%ae%b2/	ta
lk_pmd_press_releases	2025-08-27-ta-482d6c	ta-482d6c	2025-08-27	கடவத்த மகாமாய மகளிர் கல்லூரி மாணவர் பாராளுமன்ற ஆரம்ப அமர்வு…	https://pmd.gov.lk/ta/%e0%ae%9a%e0%af%86%e0%ae%af%e0%af%8d%e0%ae%a4%e0%ae%bf/%e0%ae%95%e0%ae%9f%e0%ae%b5%e0%ae%a4%e0%af%8d%e0%ae%a4-%e0%ae%ae%e0%ae%95%e0%ae%be%e0%ae%ae%e0%ae%be%e0%ae%af-%e0%ae%ae%e0%ae%95%e0%ae%b3%e0%ae%bf%e0%ae%b0%e0%af%8d-%e0%ae%95%e0%ae%b2%e0%af%8d/	ta
lk_pmd_press_releases	2025-08-27-ta-182de4	ta-182de4	2025-08-27	டொலர் கையிருப்புக்களை அதிகரிப்பது குறித்து ஏற்றுமதித் துறை வர்த்தகர்களுடன் 2026…	https://pmd.gov.lk/ta/%e0%ae%9a%e0%af%86%e0%ae%af%e0%af%8d%e0%ae%a4%e0%ae%bf/%e0%ae%9f%e0%af%8a%e0%ae%b2%e0%ae%b0%e0%af%8d-%e0%ae%95%e0%af%88%e0%ae%af%e0%ae%bf%e0%ae%b0%e0%af%81%e0%ae%aa%e0%af%8d%e0%ae%aa%e0%af%81%e0%ae%95%e0%af%8d%e0%ae%95%e0%ae%b3%e0%af%88-%e0%ae%85%e0%ae%a4/	ta
lk_pmd_press_releases	2025-08-27-ta-060866	ta-060866	2025-08-27	ஜனாதிபதி தலைமையில் பீங்கான் கைத்தொழிற் துறையில் ஈடுபட்டுள்ள உள்ளூர் வர்த்தகர்களுடன்…	https://pmd.gov.lk/ta/%e0%ae%9a%e0%af%86%e0%ae%af%e0%af%8d%e0%ae%a4%e0%ae%bf/%e0%ae%9c%e0%ae%a9%e0%ae%be%e0%ae%a4%e0%ae%bf%e0%ae%aa%e0%ae%a4%e0%ae%bf-%e0%ae%a4%e0%ae%b2%e0%af%88%e0%ae%ae%e0%af%88%e0%ae%af%e0%ae%bf%e0%ae%b2%e0%af%8d-%e0%ae%aa%e0%af%80%e0%ae%99%e0%af%8d%e0%ae%95/	ta
lk_pmd_press_releases	2025-08-27-si-f53230	si-f53230	2025-08-27	සෙරමික් කර්මාන්තයේ දේශීය ව්‍යාපාරිකයින් සමඟ 2026 පූර්ව අයවැය…	https://pmd.gov.lk/si/%e0%b6%b4%e0%b7%94%e0%b7%80%e0%b6%ad%e0%b7%8a/%e0%b7%83%e0%b7%99%e0%b6%bb%e0%b6%b8%e0%b7%92%e0%b6%9a%e0%b7%8a-%e0%b6%9a%e0%b6%bb%e0%b7%8a%e0%b6%b8%e0%b7%8f%e0%b6%b1%e0%b7%8a%e0%b6%ad%e0%b6%ba%e0%b7%9a-%e0%b6%af%e0%b7%9a%e0%b7%81%e0%b7%93%e0%b6%ba/	si
lk_pmd_press_releases	2025-08-27-si-c9b1a2	si-c9b1a2	2025-08-27	කර්මාන්ත සහ ව්‍යවසායකත්ව සංවර්ධන අමාත්‍යාංශයේ 2026 පූර්ව අයවැය…	https://pmd.gov.lk/si/%e0%b6%b4%e0%b7%94%e0%b7%80%e0%b6%ad%e0%b7%8a/%e0%b6%9a%e0%b6%bb%e0%b7%8a%e0%b6%b8%e0%b7%8f%e0%b6%b1%e0%b7%8a%e0%b6%ad-%e0%b7%83%e0%b7%84-%e0%b7%80%e0%b7%8a%e0%b6%ba%e0%b7%80%e0%b7%83%e0%b7%8f%e0%b6%ba%e0%b6%9a%e0%b6%ad%e0%b7%8a%e0%b7%80/	si
lk_pmd_press_releases	2025-08-27-si-c4c10e	si-c4c10e	2025-08-27	ඩොලර් සංචිත වර්ධනය කර ගැනීම පිළිබඳ අපනයන ක්ෂේත්‍රයේ…	https://pmd.gov.lk/si/%e0%b6%b4%e0%b7%94%e0%b7%80%e0%b6%ad%e0%b7%8a/%e0%b6%a9%e0%b7%9c%e0%b6%bd%e0%b6%bb%e0%b7%8a-%e0%b7%83%e0%b6%82%e0%b6%a0%e0%b7%92%e0%b6%ad-%e0%b7%80%e0%b6%bb%e0%b7%8a%e0%b6%b0%e0%b6%b1%e0%b6%ba-%e0%b6%9a%e0%b6%bb-%e0%b6%9c%e0%b7%90%e0%b6%b1/	si
lk_pmd_press_releases	2025-08-27-si-bc68e7	si-bc68e7	2025-08-27	කඩවත මහමායා බාලිකා මහා විද්‍යාලයේ ශිෂ්‍ය පාර්ලිමේන්තු මංගල…	https://pmd.gov.lk/si/%e0%b6%b4%e0%b7%94%e0%b7%80%e0%b6%ad%e0%b7%8a/%e0%b6%9a%e0%b6%a9%e0%b7%80%e0%b6%ad-%e0%b6%b8%e0%b7%84%e0%b6%b8%e0%b7%8f%e0%b6%ba%e0%b7%8f-%e0%b6%b6%e0%b7%8f%e0%b6%bd%e0%b7%92%e0%b6%9a%e0%b7%8f-%e0%b6%b8%e0%b7%84%e0%b7%8f-%e0%b7%80%e0%b7%92/	si
lk_pmd_press_releases	2025-08-27-en-6a3edb	en-6a3edb	2025-08-27	Mahamaya Balika Maha Vidyalaya, Kadawatha, Holds Inaugural Sitting…	https://pmd.gov.lk/news/mahamaya-balika-maha-vidyalaya-kadawatha-holds-inaugural-sitting-of-student-parliament-at-presidential-secretariat/	en
lk_pmd_press_releases	2025-08-27-en-2e8ddf	en-2e8ddf	2025-08-27	Pre-Budget Discussions for 2026 with Local Entrepreneurs in…	https://pmd.gov.lk/news/pre-budget-discussions-for-2026-with-local-entrepreneurs-in-the-ceramic-industry-under-presidents-patronage/	en
lk_pmd_press_releases	2025-08-27-en-20e437	en-20e437	2025-08-27	Pre-Budget Discussions for 2026 with Export Sector Business…	https://pmd.gov.lk/news/pre-budget-discussions-for-2026-with-export-sector-business-leaders-on-strengthening-dollar-reserves-under-presidents-patronage/	en
lk_pmd_press_releases	2025-08-27-en-091c2c	en-091c2c	2025-08-27	Pre-Budget Discussion of the Ministry of Industries and…	https://pmd.gov.lk/news/pre-budget-discussion-of-the-ministry-of-industries-and-entrepreneurship-development-for-2026-chaired-by-the-president/	en
lk_pmd_press_releases	2025-08-26-ta-a5d4ad	ta-a5d4ad	2025-08-26	டிஜிட்டல் ஊடகப் பயன்பாடு குறித்த மெட்டா நிறுவனத்தினால் நடத்தப்பட்ட செயலமர்வு	https://pmd.gov.lk/ta/%e0%ae%9a%e0%af%86%e0%ae%af%e0%af%8d%e0%ae%a4%e0%ae%bf/%e0%ae%9f%e0%ae%bf%e0%ae%9c%e0%ae%bf%e0%ae%9f%e0%af%8d%e0%ae%9f%e0%ae%b2%e0%af%8d-%e0%ae%8a%e0%ae%9f%e0%ae%95%e0%ae%aa%e0%af%8d-%e0%ae%aa%e0%ae%af%e0%ae%a9%e0%af%8d%e0%ae%aa%e0%ae%be%e0%ae%9f/	ta
lk_pmd_press_releases	2025-08-26-ta-814860	ta-814860	2025-08-26	ஜனாதிபதி தலைமையிலான பாதுகாப்பு அமைச்சின் 2026 வரவு செலவுத் திட்ட…	https://pmd.gov.lk/ta/%e0%ae%9a%e0%af%86%e0%ae%af%e0%af%8d%e0%ae%a4%e0%ae%bf/%e0%ae%9c%e0%ae%a9%e0%ae%be%e0%ae%a4%e0%ae%bf%e0%ae%aa%e0%ae%a4%e0%ae%bf-%e0%ae%a4%e0%ae%b2%e0%af%88%e0%ae%ae%e0%af%88%e0%ae%af%e0%ae%bf%e0%ae%b2%e0%ae%be%e0%ae%a9-%e0%ae%aa%e0%ae%be%e0%ae%a4%e0%af%81/	ta
lk_pmd_press_releases	2025-08-26-si-f1e3f7	si-f1e3f7	2025-08-26	මෙටා සමාගමෙන් ඩිජිටල් මාධ්‍ය භාවිතය පිළිබඳ වැඩමුළුවක්	https://pmd.gov.lk/si/%e0%b6%b4%e0%b7%94%e0%b7%80%e0%b6%ad%e0%b7%8a/%e0%b6%b8%e0%b7%99%e0%b6%a7%e0%b7%8f-%e0%b7%83%e0%b6%b8%e0%b7%8f%e0%b6%9c%e0%b6%b8%e0%b7%99%e0%b6%b1%e0%b7%8a-%e0%b6%a9%e0%b7%92%e0%b6%a2%e0%b7%92%e0%b6%a7%e0%b6%bd%e0%b7%8a-%e0%b6%b8%e0%b7%8f/	si
lk_pmd_press_releases	2025-08-26-si-e7ee45	si-e7ee45	2025-08-26	ආරක්ෂක අමාත්‍යාංශයේ 2026 අයවැය පූර්ව සාකච්ඡාව ජනපති ප්‍රධානත්වයෙන්	https://pmd.gov.lk/si/%e0%b6%b4%e0%b7%94%e0%b7%80%e0%b6%ad%e0%b7%8a/%e0%b6%86%e0%b6%bb%e0%b6%9a%e0%b7%8a%e0%b7%82%e0%b6%9a-%e0%b6%85%e0%b6%b8%e0%b7%8f%e0%b6%ad%e0%b7%8a%e0%b6%ba%e0%b7%8f%e0%b6%82%e0%b7%81%e0%b6%ba%e0%b7%9a-2026-%e0%b6%85%e0%b6%ba%e0%b7%80/	si
lk_pmd_press_releases	2025-08-26-en-2b7d3b	en-2b7d3b	2025-08-26	Pre-Budget Discussion of the Ministry of Defence –…	https://pmd.gov.lk/news/pre-budget-discussion-of-the-ministry-of-defence-2026-chaired-by-the-president/	en
lk_pmd_press_releases	2025-08-26-en-290d1d	en-290d1d	2025-08-26	Meta Digital Government Day Summit	https://pmd.gov.lk/news/meta-digital-government-day-summit/	en
lk_pmd_press_releases	2025-08-25-ta-1cf62e	ta-1cf62e	2025-08-25	ஜனாதிபதி தலைமையில் நகர அபிவிருத்தி, நிர்மாணிப்பு மற்றும் வீடமைப்பு அமைச்சின்…	https://pmd.gov.lk/ta/%e0%ae%9a%e0%af%86%e0%ae%af%e0%af%8d%e0%ae%a4%e0%ae%bf/%e0%ae%9c%e0%ae%a9%e0%ae%be%e0%ae%a4%e0%ae%bf%e0%ae%aa%e0%ae%a4%e0%ae%bf-%e0%ae%a4%e0%ae%b2%e0%af%88%e0%ae%ae%e0%af%88%e0%ae%af%e0%ae%bf%e0%ae%b2%e0%af%8d-%e0%ae%a8%e0%ae%95%e0%ae%b0-%e0%ae%85/	ta
lk_pmd_press_releases	2025-08-25-si-f277b7	si-f277b7	2025-08-25	නාගරික සංවර්ධන ඉදිකිරීම් සහ නිවාස අමාත්‍යාංශයේ 2026 අයවැය…	https://pmd.gov.lk/si/%e0%b6%b4%e0%b7%94%e0%b7%80%e0%b6%ad%e0%b7%8a/%e0%b6%b1%e0%b7%8f%e0%b6%9c%e0%b6%bb%e0%b7%92%e0%b6%9a-%e0%b7%83%e0%b6%82%e0%b7%80%e0%b6%bb%e0%b7%8a%e0%b6%b0%e0%b6%b1-%e0%b6%89%e0%b6%af%e0%b7%92%e0%b6%9a%e0%b7%92%e0%b6%bb%e0%b7%93%e0%b6%b8%e0%b7%8a/	si
lk_pmd_press_releases	2025-08-25-en-140d07	en-140d07	2025-08-25	Pre-Budget Discussions 2026 for Ministry of Urban Development,…	https://pmd.gov.lk/news/pre-budget-discussions-2026-for-ministry-of-urban-development-construction-and-housing-under-presidents-patronage/	en
lk_pmd_press_releases	2025-08-24-ta-d1dfce	ta-d1dfce	2025-08-24	ஜனாதிபதி நிதியத்தின் செயல்பாடுகள் குறித்து சப்ரகமுவ மாகாண விடயத்திற்குப் பொறுப்பான…	https://pmd.gov.lk/ta/%e0%ae%9a%e0%af%86%e0%ae%af%e0%af%8d%e0%ae%a4%e0%ae%bf/%e0%ae%9c%e0%ae%a9%e0%ae%be%e0%ae%a4%e0%ae%bf%e0%ae%aa%e0%ae%a4%e0%ae%bf-%e0%ae%a8%e0%ae%bf%e0%ae%a4%e0%ae%bf%e0%ae%af%e0%ae%a4%e0%af%8d%e0%ae%a4%e0%ae%bf%e0%ae%a9%e0%af%8d-%e0%ae%9a%e0%af%86%e0%ae%af/	ta
lk_pmd_press_releases	2025-08-24-si-83387e	si-83387e	2025-08-24	ජනාධිපති අරමුදලේ කටයුතු පිළිබඳ සබරගමුව පළාත් විෂය නිලධාරීන්…	https://pmd.gov.lk/si/%e0%b6%b4%e0%b7%94%e0%b7%80%e0%b6%ad%e0%b7%8a/%e0%b6%a2%e0%b6%b1%e0%b7%8f%e0%b6%b0%e0%b7%92%e0%b6%b4%e0%b6%ad%e0%b7%92-%e0%b6%85%e0%b6%bb%e0%b6%b8%e0%b7%94%e0%b6%af%e0%b6%bd%e0%b7%9a-%e0%b6%9a%e0%b6%a7%e0%b6%ba%e0%b7%94%e0%b6%ad%e0%b7%94/	si
lk_pmd_press_releases	2025-08-24-en-482eae	en-482eae	2025-08-24	Subject Officers of the Sabaragamuwa Province were briefed…	https://pmd.gov.lk/news/subject-officers-of-the-sabaragamuwa-province-were-briefed-on-the-activities-of-the-presidents-fund/	en
lk_pmd_press_releases	2025-08-23-ta-fec13b	ta-fec13b	2025-08-23	ஜனாதிபதி நிதியத்தினால் சபரகமுவ மாகாணத்தில் க.பொ.த உயர்தரத்தில் சிறந்த பெறுபேறுகளைப்பெற்ற…	https://pmd.gov.lk/ta/%e0%ae%9a%e0%af%86%e0%ae%af%e0%af%8d%e0%ae%a4%e0%ae%bf/%e0%ae%9c%e0%ae%a9%e0%ae%be%e0%ae%a4%e0%ae%bf%e0%ae%aa%e0%ae%a4%e0%ae%bf-%e0%ae%a8%e0%ae%bf%e0%ae%a4%e0%ae%bf%e0%ae%af%e0%ae%a4%e0%af%8d%e0%ae%a4%e0%ae%bf%e0%ae%a9%e0%ae%be%e0%ae%b2%e0%af%8d-%e0%ae%9a/	ta
lk_pmd_press_releases	2025-08-23-ta-010812	ta-010812	2025-08-23	திருகோணமலை ரதனஜோதி வித்தியாயத்தன பிரிவெனாவின் தேரர்கள், நாகியாதெனிய ஸ்ரீ குணானந்த…	https://pmd.gov.lk/ta/%e0%ae%9a%e0%af%86%e0%ae%af%e0%af%8d%e0%ae%a4%e0%ae%bf/%e0%ae%a4%e0%ae%bf%e0%ae%b0%e0%af%81%e0%ae%95%e0%af%8b%e0%ae%a3%e0%ae%ae%e0%ae%b2%e0%af%88-%e0%ae%b0%e0%ae%a4%e0%ae%a9%e0%ae%9c%e0%af%8b%e0%ae%a4%e0%ae%bf-%e0%ae%b5%e0%ae%bf%e0%ae%a4%e0%af%8d%e0%ae%a4/	ta
lk_pmd_press_releases	2025-08-23-si-f88203	si-f88203	2025-08-23	ත්‍රිකුණාමලය රතනජෝති විද්‍යායතන පිරිවෙන් හිමිවරු, නාකියාදෙණිය ශ්‍රී ගුණානන්ද…	https://pmd.gov.lk/si/%e0%b6%b4%e0%b7%94%e0%b7%80%e0%b6%ad%e0%b7%8a/%e0%b6%ad%e0%b7%8a%e0%b6%bb%e0%b7%92%e0%b6%9a%e0%b7%94%e0%b6%ab%e0%b7%8f%e0%b6%b8%e0%b6%bd%e0%b6%ba-%e0%b6%bb%e0%b6%ad%e0%b6%b1%e0%b6%a2%e0%b7%9d%e0%b6%ad%e0%b7%92-%e0%b7%80%e0%b7%92%e0%b6%af/	si
lk_pmd_press_releases	2025-08-23-si-53a975	si-53a975	2025-08-23	ජනාධිපති අරමුදලෙන් සබරගමුව පළාතේ අ.පො.ස උසස් පෙළ විශිෂ්ටයෝ…	https://pmd.gov.lk/si/%e0%b6%b4%e0%b7%94%e0%b7%80%e0%b6%ad%e0%b7%8a/%e0%b6%a2%e0%b6%b1%e0%b7%8f%e0%b6%b0%e0%b7%92%e0%b6%b4%e0%b6%ad%e0%b7%92-%e0%b6%85%e0%b6%bb%e0%b6%b8%e0%b7%94%e0%b6%af%e0%b6%bd%e0%b7%99%e0%b6%b1%e0%b7%8a-%e0%b7%83%e0%b6%b6%e0%b6%bb%e0%b6%9c%e0%b6%b8/	si
lk_pmd_press_releases	2025-08-23-en-c9956f	en-c9956f	2025-08-23	Outstanding A/L Students in Sabaragamuwa Province Recognized by…	https://pmd.gov.lk/news/outstanding-a-l-students-in-sabaragamuwa-province-recognized-by-the-presidents-fund/	en
lk_pmd_press_releases	2025-08-23-en-9899c4	en-9899c4	2025-08-23	Monks of Rathanajothi Pirivena Trincomalee and students of…	https://pmd.gov.lk/news/monks-of-rathanajothi-pirivena-trincomalee-and-students-of-sri-gunanananda-junior-school-nakiyadeniya-and-roman-catholic-junior-school-nittambuwa-visit-the-presidential-secretariat/	en
lk_pmd_press_releases	2025-08-22-ta-fbfba1	ta-fbfba1	2025-08-22	ஜனாதிபதி தலைமையில் பெருந்தோட்ட மற்றும் சமூக உட்கட்டமைப்பு வசதிகள் அமைச்சு…	https://pmd.gov.lk/ta/%e0%ae%9a%e0%af%86%e0%ae%af%e0%af%8d%e0%ae%a4%e0%ae%bf/%e0%ae%9c%e0%ae%a9%e0%ae%be%e0%ae%a4%e0%ae%bf%e0%ae%aa%e0%ae%a4%e0%ae%bf-%e0%ae%a4%e0%ae%b2%e0%af%88%e0%ae%ae%e0%af%88%e0%ae%af%e0%ae%bf%e0%ae%b2%e0%af%8d-%e0%ae%aa%e0%af%86%e0%ae%b0%e0%af%81%e0%ae%a8/	ta
lk_pmd_press_releases	2025-08-22-ta-5a38de	ta-5a38de	2025-08-22	இலங்கை சுங்க நவீனமயமாக்கல் திட்டம் தொடர்பாக உலக வங்கி பிரதிநிதிகளுடன்…	https://pmd.gov.lk/ta/%e0%ae%9a%e0%af%86%e0%ae%af%e0%af%8d%e0%ae%a4%e0%ae%bf/%e0%ae%87%e0%ae%b2%e0%ae%99%e0%af%8d%e0%ae%95%e0%af%88-%e0%ae%9a%e0%af%81%e0%ae%99%e0%af%8d%e0%ae%95-%e0%ae%a8%e0%ae%b5%e0%af%80%e0%ae%a9%e0%ae%ae%e0%ae%af%e0%ae%ae%e0%ae%be%e0%ae%95%e0%af%8d%e0%ae%95/	ta
lk_pmd_press_releases	2025-08-22-ta-3ce470	ta-3ce470	2025-08-22	07 புதிய தூதரகத் தலைவர்கள் ஜனாதிபதியைச் சந்தித்தனர்	https://pmd.gov.lk/ta/%e0%ae%9a%e0%af%86%e0%ae%af%e0%af%8d%e0%ae%a4%e0%ae%bf/07-%e0%ae%aa%e0%af%81%e0%ae%a4%e0%ae%bf%e0%ae%af-%e0%ae%a4%e0%af%82%e0%ae%a4%e0%ae%b0%e0%ae%95%e0%ae%a4%e0%af%8d-%e0%ae%a4%e0%ae%b2%e0%af%88%e0%ae%b5%e0%ae%b0%e0%af%8d%e0%ae%95%e0%ae%b3%e0%af%8d/	ta
lk_pmd_press_releases	2025-08-22-si-e6be46	si-e6be46	2025-08-22	වැවිලි හා ප්‍රජා යටිතල පහසුකම් අමාත්‍යාංශයට අදාළ 2026…	https://pmd.gov.lk/si/%e0%b6%b4%e0%b7%94%e0%b7%80%e0%b6%ad%e0%b7%8a/%e0%b7%80%e0%b7%90%e0%b7%80%e0%b7%92%e0%b6%bd%e0%b7%92-%e0%b7%84%e0%b7%8f-%e0%b6%b4%e0%b7%8a%e0%b6%bb%e0%b6%a2%e0%b7%8f-%e0%b6%ba%e0%b6%a7%e0%b7%92%e0%b6%ad%e0%b6%bd-%e0%b6%b4%e0%b7%84/	si
lk_pmd_press_releases	2025-08-22-si-c013e7	si-c013e7	2025-08-22	ශ්‍රී ලංකා රේගුව නව්‍යකරණ වැඩපිළිවෙළ සම්බන්ධව ලෝක බැංකු…	https://pmd.gov.lk/si/%e0%b6%b4%e0%b7%94%e0%b7%80%e0%b6%ad%e0%b7%8a/%e0%b7%81%e0%b7%8a%e0%b6%bb%e0%b7%93-%e0%b6%bd%e0%b6%82%e0%b6%9a%e0%b7%8f-%e0%b6%bb%e0%b7%9a%e0%b6%9c%e0%b7%94%e0%b7%80-%e0%b6%b1%e0%b7%80%e0%b7%8a%e0%b6%ba%e0%b6%9a%e0%b6%bb/	si
lk_pmd_press_releases	2025-08-22-si-83ca16	si-83ca16	2025-08-22	නව දූත මණ්ඩල ප්‍රධානීන් 07 දෙනෙක් ජනපති හමුවෙති	https://pmd.gov.lk/si/%e0%b6%b4%e0%b7%94%e0%b7%80%e0%b6%ad%e0%b7%8a/%e0%b6%b1%e0%b7%80-%e0%b6%af%e0%b7%96%e0%b6%ad-%e0%b6%b8%e0%b6%ab%e0%b7%8a%e0%b6%a9%e0%b6%bd-%e0%b6%b4%e0%b7%8a%e0%b6%bb%e0%b6%b0%e0%b7%8f%e0%b6%b1%e0%b7%93%e0%b6%b1%e0%b7%8a-07-%e0%b6%af/	si
lk_pmd_press_releases	2025-08-22-en-c51c1d	en-c51c1d	2025-08-22	New Diplomatic Heads Meet President	https://pmd.gov.lk/news/new-diplomatic-heads-meet-president/	en
lk_pmd_press_releases	2025-08-22-en-9edf31	en-9edf31	2025-08-22	Discussion with World Bank Representatives on Sri Lanka…	https://pmd.gov.lk/news/discussion-with-world-bank-representatives-on-sri-lanka-customs-modernisation-programme/	en
lk_pmd_press_releases	2025-08-22-en-17702f	en-17702f	2025-08-22	Pre-Budget Discussions 2026 for Ministry of Plantation and…	https://pmd.gov.lk/news/pre-budget-discussions-2026-for-ministry-of-plantation-and-community-infrastructure-under-presidents-patronage/	en
lk_pmd_press_releases	2025-08-21-ta-e387d3	ta-e387d3	2025-08-21	சுற்றுச்சூழல் முன்னோடிகள் ஜனாதிபதியின் கைகளால் பதக்கங்களைப் பெற்றார்கள்	https://pmd.gov.lk/ta/%e0%ae%9a%e0%af%86%e0%ae%af%e0%af%8d%e0%ae%a4%e0%ae%bf/%e0%ae%9a%e0%af%81%e0%ae%b1%e0%af%8d%e0%ae%b1%e0%af%81%e0%ae%9a%e0%af%8d%e0%ae%9a%e0%af%82%e0%ae%b4%e0%ae%b2%e0%af%8d-%e0%ae%ae%e0%af%81%e0%ae%a9%e0%af%8d%e0%ae%a9%e0%af%8b%e0%ae%9f%e0%ae%bf%e0%ae%95/	ta
lk_pmd_press_releases	2025-08-21-ta-dda0b3	ta-dda0b3	2025-08-21	விமான நிலையங்கள் மற்றும் விமான சேவைகள் (இலங்கை) (தனியார்) நிறுவனம்…	https://pmd.gov.lk/ta/%e0%ae%9a%e0%af%86%e0%ae%af%e0%af%8d%e0%ae%a4%e0%ae%bf/%e0%ae%b5%e0%ae%bf%e0%ae%ae%e0%ae%be%e0%ae%a9-%e0%ae%a8%e0%ae%bf%e0%ae%b2%e0%af%88%e0%ae%af%e0%ae%99%e0%af%8d%e0%ae%95%e0%ae%b3%e0%af%8d-%e0%ae%ae%e0%ae%b1%e0%af%8d%e0%ae%b1%e0%af%81%e0%ae%ae%e0%af%8d/	ta
lk_pmd_press_releases	2025-08-21-ta-aca87c	ta-aca87c	2025-08-21	கர்தினால் ஆண்டகை மற்றும் கத்தோலிக்க ஆயர்கள் பேரவை ஜனாதிபதியை சந்தித்தது	https://pmd.gov.lk/ta/%e0%ae%9a%e0%af%86%e0%ae%af%e0%af%8d%e0%ae%a4%e0%ae%bf/%e0%ae%95%e0%ae%b0%e0%af%8d%e0%ae%a4%e0%ae%bf%e0%ae%a9%e0%ae%be%e0%ae%b2%e0%af%8d-%e0%ae%86%e0%ae%a3%e0%af%8d%e0%ae%9f%e0%ae%95%e0%af%88-%e0%ae%ae%e0%ae%b1%e0%af%8d%e0%ae%b1%e0%af%81%e0%ae%ae/	ta
lk_pmd_press_releases	2025-08-21-ta-7d2479	ta-7d2479	2025-08-21	யாழ்ப்பாண கல்வி வலயத்தின் மாணவர் பாராளுமன்ற மாணவர்கள் ஜனாதிபதி அலுவலகத்திற்கு…	https://pmd.gov.lk/ta/%e0%ae%9a%e0%af%86%e0%ae%af%e0%af%8d%e0%ae%a4%e0%ae%bf/%e0%ae%af%e0%ae%be%e0%ae%b4%e0%af%8d%e0%ae%aa%e0%af%8d%e0%ae%aa%e0%ae%be%e0%ae%a3-%e0%ae%95%e0%ae%b2%e0%af%8d%e0%ae%b5%e0%ae%bf-%e0%ae%b5%e0%ae%b2%e0%ae%af%e0%ae%a4%e0%af%8d%e0%ae%a4%e0%ae%bf%e0%ae%a9/	ta
